{"cameraMode":{"drawMode":0,"name":"Shaded","section":"Shading Mode"},"sceneLighting":true,"audioPlay":false,"sceneViewState":{"m_AlwaysRefresh":false,"showFog":true,"showSkybox":true,"showFlares":true,"showImageEffects":true,"showParticleSystems":true,"showVisualEffectGraphs":true,"m_FxEnabled":true},"in2DMode":false,"pivot":{"x":981.0700073242188,"y":585.7498168945313,"z":-19.932531356811525},"rotation":{"x":-0.00867473054677248,"y":0.6916424632072449,"z":0.008291229605674744,"w":0.7222053408622742},"size":9.373808860778809,"orthographic":false}